예약번호,환자번호,의료진번호,예약날짜,예약시간,진단명,비급여,급여,총금액,상태
20260701-001,P000001,D01001,2026-07-01,09:00,급성 위염,6500,12000,18500,진료완료
20260703-001,P000001,D02001,2026-07-03,14:00,담낭염,0,18000,18000,진료완료
20260705-001,P000002,D03001,2026-07-05,10:30,요추 염좌,25000,15000,40000,진료완료
20260707-001,P000003,D05002,2026-07-07,16:00,아토피 피부염,35000,10000,45000,진료완료
20260710-001,P000004,D04001,2026-07-10,11:00,급성 인두염,15000,20000,35000,진료완료
20260718-001,P000001,D01002,2026-07-20,14:00,,0,0,0,예약취소
20260720-001,P000002,D03002,2026-07-20,15:00,,0,0,0,예약완료
20260722-001,P000005,D02002,2026-07-22,09:30,,0,0,0,예약완료
20260715-001,P000006,D01001,2026-07-15,13:00,,0,0,0,예약취소
20260628-001,P000007,D05001,2026-06-28,15:30,여드름,42000,8000,50000,진료완료
20260827-001,P000012,D02001,2026-08-27,09:00,,0,0,0,예약완료
20260205-001,P000013,D05002,2026-02-05,15:00,아토피 피부염,25000,10000,35000,진료완료
20261023-001,P000014,D05002,2026-10-23,15:30,,0,0,0,예약완료
20260311-001,P000015,D03002,2026-03-11,14:00,요추 염좌,25000,15000,40000,진료완료
20260911-001,P000016,D04001,2026-09-11,12:00,,0,0,0,예약완료
20260625-001,P000017,D05001,2026-06-25,10:30,여드름,42000,8000,50000,진료완료
20260402-001,P000018,D05002,2026-04-02,15:30,,0,0,0,예약취소
20260508-001,P000019,D04002,2026-05-08,15:00,예방접종 상담,22000,8000,30000,진료완료
20260310-001,P000020,D04001,2026-03-10,11:30,예방접종 상담,22000,8000,30000,진료완료
20260105-001,P000021,D02001,2026-01-05,12:00,담낭염,0,18000,18000,진료완료
20260427-001,P000022,D04002,2026-04-27,16:30,급성 인두염,4000,11000,15000,진료완료
20261013-001,P000023,D03001,2026-10-13,09:00,,0,0,0,예약완료
20260701-002,P000024,D04001,2026-07-01,09:00,장염,6000,12000,18000,진료완료
20260818-001,P000025,D04001,2026-08-18,09:30,,0,0,0,예약완료
20260107-001,P000026,D02001,2026-01-07,10:30,치핵,10000,17000,27000,진료완료
20260520-001,P000027,D01002,2026-05-20,14:00,당뇨병 정기검진,12000,18000,30000,진료완료
20260918-001,P000028,D05001,2026-09-18,12:30,,0,0,0,예약완료
20260225-001,P000029,D03002,2026-02-25,15:00,골절 경과관찰,30000,25000,55000,진료완료
20260514-001,P000030,D04001,2026-05-14,11:00,소아 감기,3000,10000,13000,진료완료
20260907-001,P000031,D01002,2026-09-07,16:00,,0,0,0,예약완료
20260417-001,P000032,D04001,2026-04-17,11:30,소아 감기,3000,10000,13000,진료완료
20260119-001,P000033,D02002,2026-01-19,14:00,담낭염,0,18000,18000,진료완료
20260127-001,P000034,D01002,2026-01-27,16:00,당뇨병 정기검진,12000,18000,30000,진료완료
20260202-001,P000035,D02001,2026-02-02,09:00,담낭염,0,18000,18000,진료완료
20260306-001,P000036,D05001,2026-03-06,12:30,사마귀,30000,9000,39000,진료완료
20260518-001,P000037,D02002,2026-05-18,14:00,외상성 열상,15000,16000,31000,진료완료
20260320-001,P000038,D05002,2026-03-20,15:30,두드러기,9000,11000,20000,진료완료
20260102-001,P000039,D05002,2026-01-02,17:30,두드러기,9000,11000,20000,진료완료
20260204-001,P000040,D03001,2026-02-04,11:30,경추 통증,18000,16000,34000,진료완료
20261015-001,P000041,D04002,2026-10-15,16:30,,0,0,0,예약취소
20260512-001,P000042,D02001,2026-05-12,12:00,담낭염,0,18000,18000,진료완료
20260504-001,P000043,D04001,2026-05-04,09:30,소아 감기,3000,10000,13000,진료완료
20260706-001,P000044,D05001,2026-07-06,09:00,아토피 피부염,25000,10000,35000,진료완료
20260226-001,P000045,D02002,2026-02-26,14:30,담낭염,0,18000,18000,진료완료
20260925-001,P000046,D03002,2026-09-25,17:30,,0,0,0,예약완료
20260706-002,P000047,D02001,2026-07-06,10:00,외상성 열상,15000,16000,31000,진료완료
20261029-001,P000048,D02002,2026-10-29,15:30,,0,0,0,예약완료
20260119-002,P000049,D01002,2026-01-19,17:00,역류성 식도염,7000,13000,20000,진료완료
20260223-001,P000050,D04002,2026-02-23,16:30,예방접종 상담,22000,8000,30000,진료완료
20260819-001,P000051,D05001,2026-08-19,10:00,,0,0,0,예약완료
20260209-001,P000052,D04001,2026-02-09,12:00,장염,6000,12000,18000,진료완료
20260723-001,P000053,D04001,2026-07-23,11:00,,0,0,0,예약완료
20260105-002,P000054,D05001,2026-01-05,09:30,여드름,42000,8000,50000,진료완료
20260630-001,P000055,D05002,2026-06-30,17:00,아토피 피부염,25000,10000,35000,진료완료
20260216-001,P000056,D04002,2026-02-16,16:00,장염,6000,12000,18000,진료완료
20260113-001,P000057,D02001,2026-01-13,10:00,충수염 경과관찰,5000,22000,27000,진료완료
20260331-001,P000058,D05001,2026-03-31,10:00,두드러기,9000,11000,20000,진료완료
20260729-001,P000059,D02001,2026-07-29,10:00,,0,0,0,예약완료
20260105-003,P000060,D01002,2026-01-05,16:30,급성 위염,6500,12000,18500,진료완료
20260722-002,P000061,D02002,2026-07-22,17:30,,0,0,0,예약완료
20260330-001,P000062,D01002,2026-03-30,14:00,역류성 식도염,7000,13000,20000,진료완료
20261002-001,P000063,D01001,2026-10-02,12:00,,0,0,0,예약완료
20260112-001,P000064,D02001,2026-01-12,10:00,충수염 경과관찰,5000,22000,27000,진료완료
20260520-002,P000065,D03001,2026-05-20,10:00,,0,0,0,예약취소
20261020-001,P000066,D01002,2026-10-20,16:00,,0,0,0,예약완료
20260714-001,P000067,D03002,2026-07-14,16:30,요추 염좌,25000,15000,40000,진료완료
20261030-001,P000068,D01002,2026-10-30,15:00,,0,0,0,예약완료
20260403-001,P000069,D05002,2026-04-03,16:30,여드름,42000,8000,50000,진료완료
20260203-001,P000070,D03001,2026-02-03,09:30,손목 염좌,12000,14000,26000,진료완료
20260205-002,P000071,D01002,2026-02-05,16:30,고혈압,5000,15000,20000,진료완료
20260218-001,P000072,D03002,2026-02-18,15:00,요추 염좌,25000,15000,40000,진료완료
20260306-002,P000073,D01001,2026-03-06,10:30,당뇨병 정기검진,12000,18000,30000,진료완료
20260316-001,P000074,D05001,2026-03-16,10:00,두드러기,9000,11000,20000,진료완료
20260511-001,P000075,D02002,2026-05-11,16:00,치핵,10000,17000,27000,진료완료
20260608-001,P000076,D03001,2026-06-08,10:30,골절 경과관찰,30000,25000,55000,진료완료
20260501-001,P000077,D02002,2026-05-01,14:00,외상성 열상,15000,16000,31000,진료완료
20260526-001,P000078,D04002,2026-05-26,14:30,예방접종 상담,22000,8000,30000,진료완료
20260723-002,P000079,D02001,2026-07-23,12:30,,0,0,0,예약완료
20260108-001,P000080,D05002,2026-01-08,14:00,사마귀,30000,9000,39000,진료완료
20260603-001,P000081,D02001,2026-06-03,11:00,,0,0,0,예약취소
20260204-002,P000082,D01001,2026-02-04,10:30,역류성 식도염,7000,13000,20000,진료완료
20260204-003,P000083,D01002,2026-02-04,16:00,역류성 식도염,7000,13000,20000,진료완료
20261030-002,P000084,D03001,2026-10-30,12:00,,0,0,0,예약취소
20260819-002,P000085,D01002,2026-08-19,14:30,,0,0,0,예약완료
20260617-001,P000086,D04002,2026-06-17,17:00,장염,6000,12000,18000,진료완료
20260722-003,P000087,D02001,2026-07-22,09:30,,0,0,0,예약취소
20260827-002,P000088,D01002,2026-08-27,16:00,,0,0,0,예약완료
20260610-001,P000089,D03001,2026-06-10,10:00,경추 통증,18000,16000,34000,진료완료
20260313-001,P000090,D05002,2026-03-13,16:00,두드러기,9000,11000,20000,진료완료
20260724-001,P000091,D05002,2026-07-24,16:30,,0,0,0,예약취소
20260515-001,P000092,D05002,2026-05-15,17:00,아토피 피부염,25000,10000,35000,진료완료
20260611-001,P000093,D04002,2026-06-11,15:00,중이염,5000,13000,18000,진료완료
20260622-001,P000094,D03001,2026-06-22,09:30,경추 통증,18000,16000,34000,진료완료
20260805-001,P000095,D01002,2026-08-05,15:30,,0,0,0,예약완료
20260601-001,P000096,D01001,2026-06-01,09:00,감기,3000,10000,13000,진료완료
20260915-001,P000097,D05002,2026-09-15,17:30,,0,0,0,예약완료
20260216-002,P000098,D05002,2026-02-16,15:30,접촉성 피부염,15000,12000,27000,진료완료
20260728-001,P000099,D03002,2026-07-28,15:00,,0,0,0,예약완료
20260206-001,P000100,D01001,2026-02-06,11:30,급성 위염,6500,12000,18500,진료완료
20260814-001,P000101,D02002,2026-08-14,17:00,,0,0,0,예약완료
20260605-001,P000102,D04001,2026-06-05,11:00,소아 감기,3000,10000,13000,진료완료
20261019-001,P000103,D05002,2026-10-19,16:30,,0,0,0,예약완료
20260723-003,P000104,D05002,2026-07-23,14:00,,0,0,0,예약완료
20260922-001,P000105,D05002,2026-09-22,14:30,,0,0,0,예약완료
20260812-001,P000106,D02002,2026-08-12,17:30,,0,0,0,예약완료
20260514-002,P000107,D02002,2026-05-14,17:30,외상성 열상,15000,16000,31000,진료완료
20260320-002,P000108,D01001,2026-03-20,11:00,,0,0,0,예약취소
20260702-001,P000109,D05001,2026-07-02,11:00,접촉성 피부염,15000,12000,27000,진료완료
20260319-001,P000110,D01001,2026-03-19,12:30,,0,0,0,예약취소
20260609-001,P000111,D01001,2026-06-09,09:00,,0,0,0,예약취소
20260128-001,P000112,D02002,2026-01-28,17:30,수술 후 경과관찰,8000,25000,33000,진료완료
20260902-001,P000113,D03002,2026-09-02,14:30,,0,0,0,예약취소
20260422-001,P000114,D03001,2026-04-22,10:30,골절 경과관찰,30000,25000,55000,진료완료
20260108-002,P000115,D03002,2026-01-08,17:00,요추 염좌,25000,15000,40000,진료완료
20260313-002,P000116,D05001,2026-03-13,10:00,사마귀,30000,9000,39000,진료완료
20260319-002,P000117,D03002,2026-03-19,16:00,골절 경과관찰,30000,25000,55000,진료완료
20260604-001,P000118,D05001,2026-06-04,09:30,여드름,42000,8000,50000,진료완료
20260611-002,P000119,D05001,2026-06-11,10:00,접촉성 피부염,15000,12000,27000,진료완료
20260828-001,P000120,D05002,2026-08-28,15:00,,0,0,0,예약완료
20260831-001,P000121,D01001,2026-08-31,10:00,,0,0,0,예약취소
20260408-001,P000122,D01001,2026-04-08,12:30,역류성 식도염,7000,13000,20000,진료완료
20260617-002,P000123,D03001,2026-06-17,09:00,요추 염좌,25000,15000,40000,진료완료
20260324-001,P000124,D02001,2026-03-24,12:30,외상성 열상,15000,16000,31000,진료완료
20260225-002,P000125,D03001,2026-02-25,09:30,골절 경과관찰,30000,25000,55000,진료완료
20260521-001,P000126,D03001,2026-05-21,09:30,요추 염좌,25000,15000,40000,진료완료
20260309-001,P000127,D04002,2026-03-09,15:30,장염,6000,12000,18000,진료완료
20260907-002,P000128,D03001,2026-09-07,09:00,,0,0,0,예약완료
20260306-003,P000129,D04001,2026-03-06,11:30,예방접종 상담,22000,8000,30000,진료완료
20260303-001,P000130,D05001,2026-03-03,11:00,두드러기,9000,11000,20000,진료완료
20261028-001,P000131,D02002,2026-10-28,15:00,,0,0,0,예약완료
20261006-001,P000132,D05002,2026-10-06,14:30,,0,0,0,예약완료
20260518-002,P000133,D04002,2026-05-18,16:00,장염,6000,12000,18000,진료완료
20260623-001,P000134,D04001,2026-06-23,11:00,중이염,5000,13000,18000,진료완료
20260423-001,P000135,D01001,2026-04-23,09:00,당뇨병 정기검진,12000,18000,30000,진료완료
20260909-001,P000136,D04002,2026-09-09,17:00,,0,0,0,예약완료
20261005-001,P000137,D01002,2026-10-05,17:30,,0,0,0,예약취소
20260618-001,P000138,D04002,2026-06-18,16:00,예방접종 상담,22000,8000,30000,진료완료
20260107-002,P000139,D02002,2026-01-07,16:00,충수염 경과관찰,5000,22000,27000,진료완료
20260410-001,P000140,D03002,2026-04-10,14:00,무릎 관절통,20000,18000,38000,진료완료
20260327-001,P000141,D03001,2026-03-27,12:00,요추 염좌,25000,15000,40000,진료완료
20260406-001,P000142,D03001,2026-04-06,12:00,경추 통증,18000,16000,34000,진료완료
20261021-001,P000143,D01001,2026-10-21,11:00,,0,0,0,예약취소
20261008-001,P000144,D02002,2026-10-08,17:00,,0,0,0,예약완료
20260818-002,P000145,D05001,2026-08-18,10:30,,0,0,0,예약취소
20260501-002,P000146,D04002,2026-05-01,17:00,중이염,5000,13000,18000,진료완료
20260519-001,P000147,D03001,2026-05-19,09:00,손목 염좌,12000,14000,26000,진료완료
20260204-004,P000148,D05002,2026-02-04,14:30,아토피 피부염,25000,10000,35000,진료완료
20260918-002,P000149,D05001,2026-09-18,09:00,,0,0,0,예약완료
20260219-001,P000150,D01001,2026-02-19,10:00,당뇨병 정기검진,12000,18000,30000,진료완료
20260409-001,P000151,D01001,2026-04-09,12:30,감기,3000,10000,13000,진료완료
20260122-001,P000152,D02002,2026-01-22,17:00,담낭염,0,18000,18000,진료완료
20260424-001,P000153,D05002,2026-04-24,16:00,사마귀,30000,9000,39000,진료완료
20260717-001,P000154,D01002,2026-07-17,17:00,,0,0,0,예약완료
20260820-001,P000155,D02002,2026-08-20,17:30,,0,0,0,예약완료
20260812-002,P000156,D03001,2026-08-12,10:00,,0,0,0,예약완료
20260223-002,P000157,D03002,2026-02-23,16:30,요추 염좌,25000,15000,40000,진료완료
20260911-002,P000158,D01002,2026-09-11,14:30,,0,0,0,예약완료
20260622-002,P000159,D03002,2026-06-22,17:30,손목 염좌,12000,14000,26000,진료완료
20260715-002,P000160,D02001,2026-07-15,10:00,,0,0,0,예약취소
20260826-001,P000161,D05001,2026-08-26,11:00,,0,0,0,예약완료
20261005-002,P000162,D04001,2026-10-05,09:30,,0,0,0,예약완료
20260602-001,P000163,D03001,2026-06-02,10:00,요추 염좌,25000,15000,40000,진료완료
20260930-001,P000164,D03002,2026-09-30,15:00,,0,0,0,예약완료
20260212-001,P000165,D03001,2026-02-12,09:00,무릎 관절통,20000,18000,38000,진료완료
20260903-001,P000166,D05001,2026-09-03,12:00,,0,0,0,예약완료
20260901-001,P000167,D05001,2026-09-01,10:00,,0,0,0,예약완료
20260807-001,P000168,D05002,2026-08-07,16:00,,0,0,0,예약완료
20260625-002,P000169,D02001,2026-06-25,09:00,충수염 경과관찰,5000,22000,27000,진료완료
20260305-001,P000170,D01001,2026-03-05,11:00,고혈압,5000,15000,20000,진료완료
20260120-001,P000171,D04001,2026-01-20,10:00,장염,6000,12000,18000,진료완료
20260807-002,P000172,D02001,2026-08-07,10:30,,0,0,0,예약완료
20260415-001,P000173,D03002,2026-04-15,16:00,경추 통증,18000,16000,34000,진료완료
20260120-002,P000174,D01002,2026-01-20,16:00,당뇨병 정기검진,12000,18000,30000,진료완료
20260123-001,P000175,D01001,2026-01-23,12:30,급성 위염,6500,12000,18500,진료완료
20261007-001,P000176,D02001,2026-10-07,11:00,,0,0,0,예약취소
20260109-001,P000177,D05001,2026-01-09,10:00,여드름,42000,8000,50000,진료완료
20260521-002,P000178,D01001,2026-05-21,10:00,당뇨병 정기검진,12000,18000,30000,진료완료
20260828-002,P000179,D02001,2026-08-28,10:00,,0,0,0,예약완료
20260317-001,P000180,D03002,2026-03-17,14:30,경추 통증,18000,16000,34000,진료완료
20260323-001,P000181,D04002,2026-03-23,17:30,급성 인두염,4000,11000,15000,진료완료
20261026-001,P000182,D02002,2026-10-26,17:00,,0,0,0,예약완료
20260324-002,P000183,D01001,2026-03-24,11:00,당뇨병 정기검진,12000,18000,30000,진료완료
20260330-002,P000184,D05001,2026-03-30,10:30,아토피 피부염,25000,10000,35000,진료완료
20261013-002,P000185,D03001,2026-10-13,10:30,,0,0,0,예약완료
20260630-002,P000186,D02002,2026-06-30,15:30,치핵,10000,17000,27000,진료완료
20260519-002,P000187,D04002,2026-05-19,14:00,소아 감기,3000,10000,13000,진료완료
20260721-001,P000188,D04002,2026-07-21,15:30,,0,0,0,예약완료
20260312-001,P000189,D05002,2026-03-12,14:30,두드러기,9000,11000,20000,진료완료
20260728-002,P000190,D03001,2026-07-28,12:00,,0,0,0,예약완료
20260424-002,P000191,D01001,2026-04-24,11:30,역류성 식도염,7000,13000,20000,진료완료
20260216-003,P000192,D04001,2026-02-16,12:00,중이염,5000,13000,18000,진료완료
20260617-003,P000193,D04002,2026-06-17,15:30,예방접종 상담,22000,8000,30000,진료완료
20260115-001,P000194,D04002,2026-01-15,14:30,소아 감기,3000,10000,13000,진료완료
20260506-001,P000195,D01001,2026-05-06,11:30,감기,3000,10000,13000,진료완료
20260715-003,P000196,D01001,2026-07-15,09:00,감기,3000,10000,13000,진료완료
20260318-001,P000197,D01001,2026-03-18,10:30,고혈압,5000,15000,20000,진료완료
20260213-001,P000198,D05002,2026-02-13,17:30,사마귀,30000,9000,39000,진료완료
20260819-003,P000199,D05001,2026-08-19,12:30,,0,0,0,예약완료
20260619-001,P000200,D05001,2026-06-19,12:00,두드러기,9000,11000,20000,진료완료
20260219-002,P000201,D05002,2026-02-19,17:00,사마귀,30000,9000,39000,진료완료
20260923-001,P000202,D03001,2026-09-23,09:00,,0,0,0,예약완료
20260506-002,P000203,D03001,2026-05-06,09:30,무릎 관절통,20000,18000,38000,진료완료
20260227-001,P000204,D04001,2026-02-27,09:30,장염,6000,12000,18000,진료완료
20260708-001,P000205,D03002,2026-07-08,16:30,골절 경과관찰,30000,25000,55000,진료완료
20260518-003,P000206,D05002,2026-05-18,17:00,접촉성 피부염,15000,12000,27000,진료완료
20260403-002,P000207,D05002,2026-04-03,16:00,여드름,42000,8000,50000,진료완료
20260128-002,P000208,D02002,2026-01-28,14:30,치핵,10000,17000,27000,진료완료
20260424-003,P000209,D04001,2026-04-24,11:00,중이염,5000,13000,18000,진료완료
20260323-002,P000210,D03001,2026-03-23,10:00,손목 염좌,12000,14000,26000,진료완료
20260624-001,P000211,D01002,2026-06-24,17:00,역류성 식도염,7000,13000,20000,진료완료
20260731-001,P000212,D02001,2026-07-31,11:00,,0,0,0,예약완료
20260604-002,P000213,D04002,2026-06-04,14:00,,0,0,0,예약취소
20260424-004,P000214,D04002,2026-04-24,14:00,중이염,5000,13000,18000,진료완료
20261029-002,P000215,D01002,2026-10-29,15:30,,0,0,0,예약완료
20260707-002,P000216,D02002,2026-07-07,17:30,치핵,10000,17000,27000,진료완료
20260612-001,P000217,D03001,2026-06-12,10:00,골절 경과관찰,30000,25000,55000,진료완료
20260302-001,P000218,D05001,2026-03-02,09:30,아토피 피부염,25000,10000,35000,진료완료
20260729-002,P000219,D05002,2026-07-29,14:30,,0,0,0,예약완료
20260609-002,P000220,D03002,2026-06-09,15:00,골절 경과관찰,30000,25000,55000,진료완료
20260302-002,P000221,D03001,2026-03-02,10:00,무릎 관절통,20000,18000,38000,진료완료
20260710-002,P000222,D02002,2026-07-10,17:30,치핵,10000,17000,27000,진료완료
20260821-001,P000223,D01001,2026-08-21,12:00,,0,0,0,예약완료
20260331-002,P000224,D05001,2026-03-31,09:30,접촉성 피부염,15000,12000,27000,진료완료
20260217-001,P000225,D04001,2026-02-17,11:00,소아 감기,3000,10000,13000,진료완료
20260522-001,P000226,D05001,2026-05-22,09:00,아토피 피부염,25000,10000,35000,진료완료
20260604-003,P000227,D01002,2026-06-04,16:30,급성 위염,6500,12000,18500,진료완료
20260717-002,P000228,D04001,2026-07-17,11:00,,0,0,0,예약완료
20260427-002,P000229,D02001,2026-04-27,09:30,수술 후 경과관찰,8000,25000,33000,진료완료
20260415-002,P000230,D04002,2026-04-15,14:00,예방접종 상담,22000,8000,30000,진료완료
20261019-002,P000231,D04001,2026-10-19,11:30,,0,0,0,예약완료
20260609-003,P000232,D01002,2026-06-09,14:30,고혈압,5000,15000,20000,진료완료
20260209-002,P000233,D01002,2026-02-09,17:00,감기,3000,10000,13000,진료완료
20260820-002,P000234,D05001,2026-08-20,10:00,,0,0,0,예약완료
20261009-001,P000235,D02001,2026-10-09,10:30,,0,0,0,예약완료
20260515-002,P000236,D03002,2026-05-15,14:30,경추 통증,18000,16000,34000,진료완료
20260610-002,P000237,D02002,2026-06-10,16:00,수술 후 경과관찰,8000,25000,33000,진료완료
20260504-002,P000238,D02001,2026-05-04,10:00,충수염 경과관찰,5000,22000,27000,진료완료
20260608-002,P000239,D01001,2026-06-08,10:30,역류성 식도염,7000,13000,20000,진료완료
20260122-002,P000240,D05002,2026-01-22,14:00,아토피 피부염,25000,10000,35000,진료완료
20260909-002,P000241,D04001,2026-09-09,12:00,,0,0,0,예약완료
20260915-002,P000242,D05001,2026-09-15,09:30,,0,0,0,예약취소
20261015-002,P000243,D05001,2026-10-15,10:00,,0,0,0,예약완료
20260521-003,P000244,D01001,2026-05-21,12:00,급성 위염,6500,12000,18500,진료완료
20260514-003,P000245,D01002,2026-05-14,16:00,고혈압,5000,15000,20000,진료완료
20260727-001,P000246,D02002,2026-07-27,17:30,,0,0,0,예약취소
20260323-003,P000247,D04001,2026-03-23,09:00,급성 인두염,4000,11000,15000,진료완료
20260403-003,P000248,D01001,2026-04-03,10:30,감기,3000,10000,13000,진료완료
20260304-001,P000249,D02001,2026-03-04,11:00,충수염 경과관찰,5000,22000,27000,진료완료
20260819-004,P000250,D01002,2026-08-19,16:00,,0,0,0,예약완료
20260109-002,P000251,D02002,2026-01-09,17:30,담낭염,0,18000,18000,진료완료
20260324-003,P000252,D03002,2026-03-24,14:00,경추 통증,18000,16000,34000,진료완료
20260731-002,P000253,D03001,2026-07-31,12:30,,0,0,0,예약완료
20260722-004,P000254,D03001,2026-07-22,10:30,,0,0,0,예약완료
20260303-002,P000255,D01002,2026-03-03,17:00,역류성 식도염,7000,13000,20000,진료완료
20260625-003,P000256,D02002,2026-06-25,14:30,수술 후 경과관찰,8000,25000,33000,진료완료
20260518-004,P000257,D05002,2026-05-18,17:30,접촉성 피부염,15000,12000,27000,진료완료
20260417-002,P000258,D05001,2026-04-17,10:00,여드름,42000,8000,50000,진료완료
20260421-001,P000259,D03001,2026-04-21,09:30,골절 경과관찰,30000,25000,55000,진료완료
20260521-004,P000260,D04001,2026-05-21,10:00,장염,6000,12000,18000,진료완료
20260216-004,P000261,D01001,2026-02-16,11:00,역류성 식도염,7000,13000,20000,진료완료
20260709-001,P000262,D03001,2026-07-09,12:00,요추 염좌,25000,15000,40000,진료완료
20260408-002,P000263,D04001,2026-04-08,09:00,장염,6000,12000,18000,진료완료
20260708-002,P000264,D01001,2026-07-08,09:00,급성 위염,6500,12000,18500,진료완료
20260320-003,P000265,D05002,2026-03-20,15:30,두드러기,9000,11000,20000,진료완료
20260216-005,P000266,D02002,2026-02-16,15:00,외상성 열상,15000,16000,31000,진료완료
20261015-003,P000267,D03002,2026-10-15,16:00,,0,0,0,예약완료
20260525-001,P000268,D01002,2026-05-25,17:30,,0,0,0,예약취소
20260109-003,P000269,D02002,2026-01-09,16:30,치핵,10000,17000,27000,진료완료
20260610-003,P000270,D05002,2026-06-10,14:00,접촉성 피부염,15000,12000,27000,진료완료
20260525-002,P000271,D05001,2026-05-25,10:30,아토피 피부염,25000,10000,35000,진료완료
20260226-002,P000272,D01002,2026-02-26,16:00,고혈압,5000,15000,20000,진료완료
20260109-004,P000273,D05001,2026-01-09,09:00,아토피 피부염,25000,10000,35000,진료완료
20260527-001,P000274,D01002,2026-05-27,16:30,당뇨병 정기검진,12000,18000,30000,진료완료
20260713-001,P000275,D04002,2026-07-13,17:30,급성 인두염,4000,11000,15000,진료완료
20260127-002,P000276,D01001,2026-01-27,10:00,급성 위염,6500,12000,18500,진료완료
20260306-004,P000277,D04001,2026-03-06,12:00,예방접종 상담,22000,8000,30000,진료완료
20260626-001,P000278,D05002,2026-06-26,15:00,두드러기,9000,11000,20000,진료완료
20260319-003,P000279,D03001,2026-03-19,10:30,무릎 관절통,20000,18000,38000,진료완료
20260406-002,P000280,D01001,2026-04-06,10:30,급성 위염,6500,12000,18500,진료완료
20260113-002,P000281,D04002,2026-01-13,16:30,급성 인두염,4000,11000,15000,진료완료
20260105-004,P000282,D03002,2026-01-05,16:30,무릎 관절통,20000,18000,38000,진료완료
20260409-002,P000283,D05002,2026-04-09,16:30,사마귀,30000,9000,39000,진료완료
20260730-001,P000284,D01002,2026-07-30,16:30,,0,0,0,예약완료
20261013-003,P000285,D01002,2026-10-13,16:00,,0,0,0,예약취소
20261023-002,P000286,D04002,2026-10-23,14:00,,0,0,0,예약완료
20260604-004,P000287,D01002,2026-06-04,17:30,감기,3000,10000,13000,진료완료
20260107-003,P000288,D01001,2026-01-07,12:00,급성 위염,6500,12000,18500,진료완료
20260410-002,P000289,D05001,2026-04-10,12:00,두드러기,9000,11000,20000,진료완료
20260724-002,P000290,D01002,2026-07-24,16:30,,0,0,0,예약취소
20260325-001,P000291,D01001,2026-03-25,12:00,당뇨병 정기검진,12000,18000,30000,진료완료
20260108-003,P000292,D03001,2026-01-08,12:00,무릎 관절통,20000,18000,38000,진료완료
20260918-003,P000293,D01001,2026-09-18,11:30,,0,0,0,예약완료
20260106-001,P000294,D04001,2026-01-06,09:00,장염,6000,12000,18000,진료완료
20260420-001,P000295,D05001,2026-04-20,10:30,사마귀,30000,9000,39000,진료완료
20260526-002,P000296,D01002,2026-05-26,14:30,고혈압,5000,15000,20000,진료완료
20261015-004,P000297,D02001,2026-10-15,10:00,,0,0,0,예약완료
20260311-002,P000298,D02002,2026-03-11,17:30,충수염 경과관찰,5000,22000,27000,진료완료
20261028-002,P000299,D04002,2026-10-28,14:30,,0,0,0,예약완료
20260624-002,P000300,D04002,2026-06-24,14:30,장염,6000,12000,18000,진료완료
20260618-002,P000301,D03001,2026-06-18,10:00,무릎 관절통,20000,18000,38000,진료완료
20260629-001,P000302,D02002,2026-06-29,15:30,담낭염,0,18000,18000,진료완료
20260119-003,P000303,D01001,2026-01-19,10:00,역류성 식도염,7000,13000,20000,진료완료
20260625-004,P000304,D03001,2026-06-25,11:30,골절 경과관찰,30000,25000,55000,진료완료
20260713-002,P000305,D04001,2026-07-13,10:00,예방접종 상담,22000,8000,30000,진료완료
20260511-002,P000306,D03001,2026-05-11,10:30,무릎 관절통,20000,18000,38000,진료완료
20260403-004,P000307,D03002,2026-04-03,16:00,요추 염좌,25000,15000,40000,진료완료
20260504-003,P000308,D01002,2026-05-04,14:30,급성 위염,6500,12000,18500,진료완료
20260226-003,P000309,D04002,2026-02-26,15:30,소아 감기,3000,10000,13000,진료완료
20260224-001,P000310,D04001,2026-02-24,11:00,중이염,5000,13000,18000,진료완료
20260220-001,P000311,D01002,2026-02-20,14:00,감기,3000,10000,13000,진료완료
20260330-003,P000312,D04001,2026-03-30,11:30,급성 인두염,4000,11000,15000,진료완료
20260821-002,P000313,D04002,2026-08-21,16:30,,0,0,0,예약취소
20260319-004,P000314,D04001,2026-03-19,12:30,중이염,5000,13000,18000,진료완료
20260508-002,P000315,D03002,2026-05-08,16:30,골절 경과관찰,30000,25000,55000,진료완료
20260826-002,P000316,D05002,2026-08-26,15:30,,0,0,0,예약완료
20260713-003,P000317,D02001,2026-07-13,11:30,충수염 경과관찰,5000,22000,27000,진료완료
20260216-006,P000318,D03001,2026-02-16,12:00,요추 염좌,25000,15000,40000,진료완료
20260528-001,P000319,D01001,2026-05-28,10:30,고혈압,5000,15000,20000,진료완료
20260526-003,P000320,D02002,2026-05-26,16:30,외상성 열상,15000,16000,31000,진료완료
20260414-001,P000321,D04001,2026-04-14,09:30,예방접종 상담,22000,8000,30000,진료완료
20260713-004,P000322,D04002,2026-07-13,17:00,급성 인두염,4000,11000,15000,진료완료
20260609-004,P000323,D05002,2026-06-09,15:30,접촉성 피부염,15000,12000,27000,진료완료
20260417-003,P000324,D04001,2026-04-17,12:00,소아 감기,3000,10000,13000,진료완료
20260331-003,P000325,D05001,2026-03-31,11:30,사마귀,30000,9000,39000,진료완료
20260126-001,P000326,D01001,2026-01-26,11:00,당뇨병 정기검진,12000,18000,30000,진료완료
20260911-003,P000327,D01001,2026-09-11,11:00,,0,0,0,예약완료
20260116-001,P000328,D01002,2026-01-16,14:00,급성 위염,6500,12000,18500,진료완료
20260715-004,P000329,D01002,2026-07-15,16:00,역류성 식도염,7000,13000,20000,진료완료
20260702-002,P000330,D04002,2026-07-02,14:30,소아 감기,3000,10000,13000,진료완료
20260227-002,P000331,D04001,2026-02-27,09:00,급성 인두염,4000,11000,15000,진료완료
20260216-007,P000332,D02001,2026-02-16,12:30,치핵,10000,17000,27000,진료완료
20260519-003,P000333,D04001,2026-05-19,11:30,예방접종 상담,22000,8000,30000,진료완료
20260526-004,P000334,D04001,2026-05-26,10:00,예방접종 상담,22000,8000,30000,진료완료
20261027-001,P000335,D02001,2026-10-27,10:30,,0,0,0,예약취소
20260730-002,P000336,D04001,2026-07-30,12:30,,0,0,0,예약취소
20260825-001,P000337,D02002,2026-08-25,14:00,,0,0,0,예약취소
20260519-004,P000338,D03001,2026-05-19,11:00,,0,0,0,예약취소
20261016-001,P000339,D04001,2026-10-16,09:00,,0,0,0,예약완료
20261026-002,P000340,D03001,2026-10-26,11:30,,0,0,0,예약취소
20261019-003,P000341,D02002,2026-10-19,17:30,,0,0,0,예약완료
20260722-005,P000342,D05002,2026-07-22,15:30,,0,0,0,예약완료
20260702-003,P000343,D02001,2026-07-02,10:00,치핵,10000,17000,27000,진료완료
20260703-002,P000344,D05001,2026-07-03,12:30,두드러기,9000,11000,20000,진료완료
20260205-003,P000345,D04001,2026-02-05,10:00,예방접종 상담,22000,8000,30000,진료완료
20260401-001,P000346,D03002,2026-04-01,15:00,손목 염좌,12000,14000,26000,진료완료
20260318-002,P000347,D02001,2026-03-18,10:00,충수염 경과관찰,5000,22000,27000,진료완료
20260715-005,P000348,D03001,2026-07-15,09:00,무릎 관절통,20000,18000,38000,진료완료
20260508-003,P000349,D02001,2026-05-08,09:00,,0,0,0,예약취소
20261014-001,P000350,D03002,2026-10-14,14:30,,0,0,0,예약완료
20260611-003,P000351,D01001,2026-06-11,09:00,당뇨병 정기검진,12000,18000,30000,진료완료
20260206-002,P000352,D04002,2026-02-06,14:00,소아 감기,3000,10000,13000,진료완료
20260305-002,P000353,D04002,2026-03-05,14:30,급성 인두염,4000,11000,15000,진료완료
20260929-001,P000354,D04002,2026-09-29,17:00,,0,0,0,예약완료
20260511-003,P000355,D03002,2026-05-11,15:00,,0,0,0,예약취소
20260504-004,P000356,D03001,2026-05-04,12:00,요추 염좌,25000,15000,40000,진료완료
20260626-002,P000357,D01001,2026-06-26,09:00,급성 위염,6500,12000,18500,진료완료
20260625-005,P000358,D03001,2026-06-25,11:30,경추 통증,18000,16000,34000,진료완료
20260129-001,P000359,D04001,2026-01-29,11:30,예방접종 상담,22000,8000,30000,진료완료
20260213-002,P000360,D02001,2026-02-13,09:30,충수염 경과관찰,5000,22000,27000,진료완료
20260619-002,P000361,D01002,2026-06-19,14:30,당뇨병 정기검진,12000,18000,30000,진료완료
20260609-005,P000362,D03002,2026-06-09,15:30,손목 염좌,12000,14000,26000,진료완료
20261001-001,P000363,D04002,2026-10-01,14:30,,0,0,0,예약취소
20260309-002,P000364,D04002,2026-03-09,17:30,소아 감기,3000,10000,13000,진료완료
20260519-005,P000365,D03001,2026-05-19,12:00,손목 염좌,12000,14000,26000,진료완료
20260911-004,P000366,D01002,2026-09-11,15:30,,0,0,0,예약완료
20260325-002,P000367,D04001,2026-03-25,12:00,급성 인두염,4000,11000,15000,진료완료
20260227-003,P000368,D01002,2026-02-27,16:00,고혈압,5000,15000,20000,진료완료
20260730-003,P000369,D05001,2026-07-30,09:00,,0,0,0,예약완료
20260112-002,P000370,D01002,2026-01-12,14:00,감기,3000,10000,13000,진료완료
20260212-002,P000371,D03002,2026-02-12,15:30,무릎 관절통,20000,18000,38000,진료완료
20260402-002,P000372,D02002,2026-04-02,14:30,외상성 열상,15000,16000,31000,진료완료
20260921-001,P000373,D04002,2026-09-21,17:00,,0,0,0,예약완료
20260415-003,P000374,D03002,2026-04-15,14:00,무릎 관절통,20000,18000,38000,진료완료
20260514-004,P000375,D01002,2026-05-14,16:30,역류성 식도염,7000,13000,20000,진료완료
20260430-001,P000376,D01001,2026-04-30,09:30,역류성 식도염,7000,13000,20000,진료완료
20260402-003,P000377,D04001,2026-04-02,12:00,급성 인두염,4000,11000,15000,진료완료
20260414-002,P000378,D03002,2026-04-14,14:00,손목 염좌,12000,14000,26000,진료완료
20260423-002,P000379,D04001,2026-04-23,10:00,,0,0,0,예약취소
20260407-001,P000380,D02001,2026-04-07,09:30,충수염 경과관찰,5000,22000,27000,진료완료
20260624-003,P000381,D01001,2026-06-24,12:30,고혈압,5000,15000,20000,진료완료
20260921-002,P000382,D03002,2026-09-21,14:00,,0,0,0,예약완료
20260402-004,P000383,D03002,2026-04-02,17:30,,0,0,0,예약취소
20260416-001,P000384,D03001,2026-04-16,12:30,골절 경과관찰,30000,25000,55000,진료완료
20260612-002,P000385,D03002,2026-06-12,15:00,요추 염좌,25000,15000,40000,진료완료
20260626-003,P000386,D02002,2026-06-26,17:00,담낭염,0,18000,18000,진료완료
20260805-002,P000387,D02002,2026-08-05,16:00,,0,0,0,예약취소
20260615-001,P000388,D04001,2026-06-15,12:30,예방접종 상담,22000,8000,30000,진료완료
20260916-001,P000389,D01001,2026-09-16,10:30,,0,0,0,예약완료
20260206-003,P000390,D01001,2026-02-06,11:30,역류성 식도염,7000,13000,20000,진료완료
20260317-002,P000391,D02002,2026-03-17,16:30,충수염 경과관찰,5000,22000,27000,진료완료
20260608-003,P000392,D01002,2026-06-08,15:00,급성 위염,6500,12000,18500,진료완료
20260623-002,P000393,D01002,2026-06-23,14:30,고혈압,5000,15000,20000,진료완료
20260602-002,P000394,D04001,2026-06-02,12:00,중이염,5000,13000,18000,진료완료
20260218-002,P000395,D03001,2026-02-18,09:30,골절 경과관찰,30000,25000,55000,진료완료
20260331-004,P000396,D01002,2026-03-31,17:00,당뇨병 정기검진,12000,18000,30000,진료완료
20260319-005,P000397,D04002,2026-03-19,14:00,장염,6000,12000,18000,진료완료
20260217-002,P000398,D04002,2026-02-17,14:30,소아 감기,3000,10000,13000,진료완료
20261028-003,P000399,D04001,2026-10-28,10:00,,0,0,0,예약완료
20260216-008,P000400,D05001,2026-02-16,10:00,여드름,42000,8000,50000,진료완료
20260929-002,P000401,D01002,2026-09-29,15:00,,0,0,0,예약완료
20260709-002,P000402,D02001,2026-07-09,12:00,담낭염,0,18000,18000,진료완료
20260323-004,P000403,D03001,2026-03-23,09:00,경추 통증,18000,16000,34000,진료완료
20260805-003,P000404,D05001,2026-08-05,11:00,,0,0,0,예약취소
20260602-003,P000405,D05001,2026-06-02,09:00,접촉성 피부염,15000,12000,27000,진료완료
20260116-002,P000406,D04002,2026-01-16,15:30,예방접종 상담,22000,8000,30000,진료완료
20260302-003,P000407,D04001,2026-03-02,11:00,소아 감기,3000,10000,13000,진료완료
20260602-004,P000408,D02001,2026-06-02,11:00,외상성 열상,15000,16000,31000,진료완료
20260825-002,P000409,D03002,2026-08-25,17:00,,0,0,0,예약완료
20260122-003,P000410,D03001,2026-01-22,10:00,요추 염좌,25000,15000,40000,진료완료
20260506-003,P000411,D01002,2026-05-06,17:00,,0,0,0,예약취소
20260105-005,P000412,D02001,2026-01-05,09:30,치핵,10000,17000,27000,진료완료
20260714-002,P000413,D04002,2026-07-14,17:00,소아 감기,3000,10000,13000,진료완료
20260512-002,P000414,D05002,2026-05-12,17:00,,0,0,0,예약취소
20261009-002,P000415,D04001,2026-10-09,10:30,,0,0,0,예약취소
20260202-002,P000416,D03001,2026-02-02,09:30,골절 경과관찰,30000,25000,55000,진료완료
20260807-003,P000417,D01001,2026-08-07,09:00,,0,0,0,예약완료
20260626-004,P000418,D02002,2026-06-26,14:30,담낭염,0,18000,18000,진료완료
20260312-002,P000419,D02002,2026-03-12,17:00,외상성 열상,15000,16000,31000,진료완료
20261012-001,P000420,D04001,2026-10-12,12:30,,0,0,0,예약완료
20260930-002,P000421,D02001,2026-09-30,12:00,,0,0,0,예약완료
20260112-003,P000422,D02001,2026-01-12,11:30,외상성 열상,15000,16000,31000,진료완료
20260407-002,P000423,D05002,2026-04-07,17:30,접촉성 피부염,15000,12000,27000,진료완료
20260713-005,P000424,D03002,2026-07-13,16:00,골절 경과관찰,30000,25000,55000,진료완료
20260112-004,P000425,D02002,2026-01-12,16:30,수술 후 경과관찰,8000,25000,33000,진료완료
20260623-003,P000426,D01001,2026-06-23,11:00,급성 위염,6500,12000,18500,진료완료
20260520-003,P000427,D03001,2026-05-20,10:30,,0,0,0,예약취소
20260812-003,P000428,D05002,2026-08-12,14:30,,0,0,0,예약완료
20260225-003,P000429,D04001,2026-02-25,12:00,예방접종 상담,22000,8000,30000,진료완료
20260610-004,P000430,D01002,2026-06-10,17:30,급성 위염,6500,12000,18500,진료완료
20260626-005,P000431,D05002,2026-06-26,16:00,,0,0,0,예약취소
20260714-003,P000432,D01001,2026-07-14,10:30,감기,3000,10000,13000,진료완료
20260501-003,P000433,D01002,2026-05-01,14:00,당뇨병 정기검진,12000,18000,30000,진료완료
20260508-004,P000434,D01001,2026-05-08,09:00,급성 위염,6500,12000,18500,진료완료
20260423-003,P000435,D05001,2026-04-23,12:00,두드러기,9000,11000,20000,진료완료
20260610-005,P000436,D02002,2026-06-10,17:00,외상성 열상,15000,16000,31000,진료완료
20260529-001,P000437,D01001,2026-05-29,12:00,당뇨병 정기검진,12000,18000,30000,진료완료
20260128-003,P000438,D02001,2026-01-28,10:30,수술 후 경과관찰,8000,25000,33000,진료완료
20260423-004,P000439,D05002,2026-04-23,17:30,접촉성 피부염,15000,12000,27000,진료완료
20260304-002,P000440,D02001,2026-03-04,12:00,충수염 경과관찰,5000,22000,27000,진료완료
20260302-004,P000441,D04002,2026-03-02,15:30,,0,0,0,예약취소
20260520-004,P000442,D03002,2026-05-20,14:00,,0,0,0,예약취소
20260904-001,P000443,D04002,2026-09-04,15:00,,0,0,0,예약완료
20260609-006,P000444,D03001,2026-06-09,11:30,요추 염좌,25000,15000,40000,진료완료
20260130-001,P000445,D03001,2026-01-30,11:00,경추 통증,18000,16000,34000,진료완료
20260709-003,P000446,D05001,2026-07-09,11:30,여드름,42000,8000,50000,진료완료
20260616-001,P000447,D05002,2026-06-16,17:30,접촉성 피부염,15000,12000,27000,진료완료
20260730-004,P000448,D02001,2026-07-30,12:30,,0,0,0,예약완료
20260331-005,P000449,D05001,2026-03-31,11:30,여드름,42000,8000,50000,진료완료
20260303-003,P000450,D03001,2026-03-03,09:00,경추 통증,18000,16000,34000,진료완료
20260511-004,P000451,D05002,2026-05-11,16:00,,0,0,0,예약취소
20260202-003,P000452,D02002,2026-02-02,15:30,수술 후 경과관찰,8000,25000,33000,진료완료
20260327-002,P000453,D04001,2026-03-27,10:30,예방접종 상담,22000,8000,30000,진료완료
20260406-003,P000454,D05002,2026-04-06,14:30,접촉성 피부염,15000,12000,27000,진료완료
20260415-004,P000455,D04002,2026-04-15,16:30,예방접종 상담,22000,8000,30000,진료완료
20260605-002,P000456,D05002,2026-06-05,14:30,여드름,42000,8000,50000,진료완료
20260217-003,P000457,D05002,2026-02-17,14:00,여드름,42000,8000,50000,진료완료
20260303-004,P000458,D01001,2026-03-03,11:00,역류성 식도염,7000,13000,20000,진료완료
20261001-002,P000459,D01001,2026-10-01,09:30,,0,0,0,예약완료
20261027-002,P000460,D01001,2026-10-27,12:00,,0,0,0,예약완료
20260430-002,P000461,D03001,2026-04-30,09:00,무릎 관절통,20000,18000,38000,진료완료
20260515-003,P000462,D02001,2026-05-15,09:00,외상성 열상,15000,16000,31000,진료완료
20261006-002,P000463,D01002,2026-10-06,14:30,,0,0,0,예약취소
20260616-002,P000464,D01001,2026-06-16,10:00,역류성 식도염,7000,13000,20000,진료완료
20260415-005,P000465,D01002,2026-04-15,14:00,고혈압,5000,15000,20000,진료완료
20260612-003,P000466,D05001,2026-06-12,11:30,사마귀,30000,9000,39000,진료완료
20260108-004,P000467,D03002,2026-01-08,16:30,경추 통증,18000,16000,34000,진료완료
20261001-003,P000468,D04001,2026-10-01,12:00,,0,0,0,예약완료
20260120-003,P000469,D05001,2026-01-20,10:30,사마귀,30000,9000,39000,진료완료
20260225-004,P000470,D01001,2026-02-25,12:30,감기,3000,10000,13000,진료완료
20260105-006,P000471,D01001,2026-01-05,10:00,당뇨병 정기검진,12000,18000,30000,진료완료
20260629-002,P000472,D03002,2026-06-29,17:00,손목 염좌,12000,14000,26000,진료완료
20260625-006,P000473,D04001,2026-06-25,11:00,장염,6000,12000,18000,진료완료
20260513-001,P000474,D03002,2026-05-13,15:30,경추 통증,18000,16000,34000,진료완료
20260416-002,P000475,D05002,2026-04-16,15:30,접촉성 피부염,15000,12000,27000,진료완료
20260202-004,P000476,D03001,2026-02-02,11:00,손목 염좌,12000,14000,26000,진료완료
20260114-001,P000477,D02002,2026-01-14,17:00,충수염 경과관찰,5000,22000,27000,진료완료
20260724-003,P000478,D01001,2026-07-24,12:00,,0,0,0,예약취소
20260313-003,P000479,D01001,2026-03-13,11:00,급성 위염,6500,12000,18500,진료완료
20261009-003,P000480,D02001,2026-10-09,12:30,,0,0,0,예약취소
20260521-005,P000481,D04001,2026-05-21,09:00,,0,0,0,예약취소
20260601-002,P000482,D04001,2026-06-01,10:00,예방접종 상담,22000,8000,30000,진료완료
20260423-005,P000483,D03001,2026-04-23,10:00,무릎 관절통,20000,18000,38000,진료완료
20260226-004,P000484,D05001,2026-02-26,12:00,두드러기,9000,11000,20000,진료완료
20260319-006,P000485,D03002,2026-03-19,17:00,무릎 관절통,20000,18000,38000,진료완료
20261029-003,P000486,D02001,2026-10-29,09:30,,0,0,0,예약완료
20260108-005,P000487,D02002,2026-01-08,14:30,담낭염,0,18000,18000,진료완료
20260730-005,P000488,D02002,2026-07-30,17:30,,0,0,0,예약완료
20260626-006,P000489,D03002,2026-06-26,14:30,경추 통증,18000,16000,34000,진료완료
20260122-004,P000490,D05002,2026-01-22,16:00,아토피 피부염,25000,10000,35000,진료완료
20260907-003,P000491,D02002,2026-09-07,14:30,,0,0,0,예약완료
20260401-002,P000492,D05002,2026-04-01,16:30,아토피 피부염,25000,10000,35000,진료완료
20260408-003,P000493,D03002,2026-04-08,17:30,손목 염좌,12000,14000,26000,진료완료
20260608-004,P000494,D01002,2026-06-08,16:30,역류성 식도염,7000,13000,20000,진료완료
20260401-003,P000495,D02002,2026-04-01,16:00,치핵,10000,17000,27000,진료완료
20260114-002,P000496,D04001,2026-01-14,09:30,소아 감기,3000,10000,13000,진료완료
20260611-004,P000497,D04001,2026-06-11,12:00,장염,6000,12000,18000,진료완료
20260916-002,P000498,D01002,2026-09-16,15:00,,0,0,0,예약완료
20260401-004,P000499,D04001,2026-04-01,12:00,소아 감기,3000,10000,13000,진료완료
20260518-005,P000500,D02002,2026-05-18,14:00,충수염 경과관찰,5000,22000,27000,진료완료
20260703-003,P000501,D04001,2026-07-03,11:30,,0,0,0,예약취소
20260722-006,P000502,D01002,2026-07-22,17:00,,0,0,0,예약완료
20260305-003,P000503,D04001,2026-03-05,09:30,,0,0,0,예약취소
20260113-003,P000504,D01001,2026-01-13,09:00,역류성 식도염,7000,13000,20000,진료완료
20260409-003,P000505,D04001,2026-04-09,12:00,예방접종 상담,22000,8000,30000,진료완료
20260701-003,P000506,D03002,2026-07-01,17:00,요추 염좌,25000,15000,40000,진료완료
20260403-005,P000507,D05001,2026-04-03,12:00,두드러기,9000,11000,20000,진료완료
20260518-006,P000508,D01001,2026-05-18,10:00,감기,3000,10000,13000,진료완료
20260220-002,P000509,D01002,2026-02-20,15:00,고혈압,5000,15000,20000,진료완료
20260423-006,P000510,D05001,2026-04-23,09:30,두드러기,9000,11000,20000,진료완료
20260429-001,P000511,D04001,2026-04-29,09:00,예방접종 상담,22000,8000,30000,진료완료
20260720-002,P000001,D01001,2026-07-20,09:00,,0,0,0,예약완료
20260720-003,P000001,D02001,2026-07-20,10:00,,0,0,0,예약완료
20260720-004,P000001,D01001,2026-07-20,09:30,,0,0,0,예약완료
20260720-006,P000001,D02001,2026-07-20,11:00,,0,0,0,예약완료
