환자번호,아이디,비밀번호,이름,생년월일,성별,연락처,비밀번호초기화,회원상태,권한
admin,admin,admin,관리자,000000,남,010-1234-5678,N,정상,admin
P000001,kimms98,qwer1234!,김민수,980312,남,010-1234-5678,N,정상,user
P000002,leeyh00,asdf1234!,이영희,001213,여,010-2345-6789,N,정상,user
P000003,parkjh97,zxcv1234!,박지훈,970811,남,010-3456-7890,N,정상,user
P000004,choisy01,pass1234!,최수연,990225,여,010-4567-8901,N,정상,user
P000005,hanjw96,hello123!,한지원,960730,여,010-5678-9012,N,정상,user
P000006,jungdh95,welcome1!,정동현,950418,남,010-6789-0123,N,정상,user
P000007,yoonhj03,python12!,윤혜진,021126,여,010-7890-1234,N,정상,user
P000008,kangsw99,coding34!,강승우,010914,남,010-8901-2345,N,정상,user
P000009,songej02,hospital!,송은지,921205,여,010-9012-3456,N,정상,user
P000010,ohjs94,reserve1!,오준석,940107,남,010-1122-3344,N,정상,user
P000011,user01,0000,홍길동,020520,남,010-1234-1234,N,정상,user
P000012,patient000012,test1234!,임건우,550322,남,010-2000-0012,N,정상,user
P000013,patient000013,test1234!,임수아,560514,여,010-2000-0013,N,정상,user
P000014,patient000014,test1234!,신지아,560424,남,010-2000-0014,N,정상,user
P000015,patient000015,test1234!,한승현,690429,여,010-2000-0015,N,정상,user
P000016,patient000016,test1234!,서다은,520127,남,010-2000-0016,N,정상,user
P000017,patient000017,test1234!,전수빈,810216,여,010-2000-0017,N,정상,user
P000018,patient000018,test1234!,장예은,790207,남,010-2000-0018,N,정상,user
P000019,patient000019,test1234!,윤수아,790101,여,010-2000-0019,N,정상,user
P000020,patient000020,test1234!,황지민,650616,남,010-2000-0020,N,정상,user
P000021,patient000021,test1234!,한선우,930726,여,010-2000-0021,N,정상,user
P000022,patient000022,test1234!,권도윤,021209,남,010-2000-0022,N,정상,user
P000023,patient000023,test1234!,정지우,460319,여,010-2000-0023,N,정상,user
P000024,patient000024,test1234!,박지아,900818,남,010-2000-0024,N,정상,user
P000025,patient000025,test1234!,송동현,891208,여,010-2000-0025,N,정상,user
P000026,patient000026,test1234!,김예준,060316,남,010-2000-0026,N,정상,user
P000027,patient000027,test1234!,송지아,640521,여,010-2000-0027,N,정상,user
P000028,patient000028,test1234!,김서연,001029,남,010-2000-0028,N,정상,user
P000029,patient000029,test1234!,윤시우,151129,여,010-2000-0029,N,정상,user
P000030,patient000030,test1234!,송하준,520622,남,010-2000-0030,N,정상,user
P000031,patient000031,test1234!,송동현,970515,여,010-2000-0031,N,정상,user
P000032,patient000032,test1234!,조선우,010417,남,010-2000-0032,N,정상,user
P000033,patient000033,test1234!,송건우,010327,여,010-2000-0033,N,정상,user
P000034,patient000034,test1234!,한서준,500815,남,010-2000-0034,N,정상,user
P000035,patient000035,test1234!,안수빈,911101,여,010-2000-0035,N,정상,user
P000036,patient000036,test1234!,권시우,120626,남,010-2000-0036,N,정상,user
P000037,patient000037,test1234!,김유나,450924,여,010-2000-0037,N,정상,user
P000038,patient000038,test1234!,전민서,880306,남,010-2000-0038,N,정상,user
P000039,patient000039,test1234!,박혜진,560131,여,010-2000-0039,N,정상,user
P000040,patient000040,test1234!,강수빈,871102,남,010-2000-0040,N,정상,user
P000041,patient000041,test1234!,황주원,610411,여,010-2000-0041,N,정상,user
P000042,patient000042,test1234!,정민준,520916,남,010-2000-0042,N,정상,user
P000043,patient000043,test1234!,오유나,960525,여,010-2000-0043,N,정상,user
P000044,patient000044,test1234!,서다은,521116,남,010-2000-0044,N,정상,user
P000045,patient000045,test1234!,박정우,690916,여,010-2000-0045,N,정상,user
P000046,patient000046,test1234!,장지민,691207,남,010-2000-0046,N,정상,user
P000047,patient000047,test1234!,강수빈,700812,여,010-2000-0047,N,정상,user
P000048,patient000048,test1234!,박지호,890910,남,010-2000-0048,N,정상,user
P000049,patient000049,test1234!,서서연,540613,여,010-2000-0049,N,정상,user
P000050,patient000050,test1234!,임다은,800705,남,010-2000-0050,N,정상,user
P000051,patient000051,test1234!,오다은,570928,여,010-2000-0051,N,정상,user
P000052,patient000052,test1234!,김가은,750918,남,010-2000-0052,N,정상,user
P000053,patient000053,test1234!,송지훈,750405,여,010-2000-0053,N,정상,user
P000054,patient000054,test1234!,장정우,731025,남,010-2000-0054,N,정상,user
P000055,patient000055,test1234!,최소윤,650816,여,010-2000-0055,N,정상,user
P000056,patient000056,test1234!,강우진,140201,남,010-2000-0056,N,정상,user
P000057,patient000057,test1234!,김서연,551001,여,010-2000-0057,N,정상,user
P000058,patient000058,test1234!,서서준,690421,남,010-2000-0058,N,정상,user
P000059,patient000059,test1234!,황현우,471031,여,010-2000-0059,N,정상,user
P000060,patient000060,test1234!,조도윤,450825,남,010-2000-0060,N,정상,user
P000061,patient000061,test1234!,홍지민,791027,여,010-2000-0061,N,정상,user
P000062,patient000062,test1234!,장하준,860331,남,010-2000-0062,N,정상,user
P000063,patient000063,test1234!,서유진,030329,여,010-2000-0063,N,정상,user
P000064,patient000064,test1234!,최지아,770521,남,010-2000-0064,N,정상,user
P000065,patient000065,test1234!,한우진,450502,여,010-2000-0065,N,정상,user
P000066,patient000066,test1234!,박현우,101008,남,010-2000-0066,N,정상,user
P000067,patient000067,test1234!,이정우,030225,여,010-2000-0067,N,정상,user
P000068,patient000068,test1234!,홍지호,510121,남,010-2000-0068,N,정상,user
P000069,patient000069,test1234!,신지아,100904,여,010-2000-0069,N,정상,user
P000070,patient000070,test1234!,장성민,520224,남,010-2000-0070,N,정상,user
P000071,patient000071,test1234!,안성민,600701,여,010-2000-0071,N,정상,user
P000072,patient000072,test1234!,한은지,850526,남,010-2000-0072,N,정상,user
P000073,patient000073,test1234!,강서준,511004,여,010-2000-0073,N,정상,user
P000074,patient000074,test1234!,윤유진,591222,남,010-2000-0074,N,정상,user
P000075,patient000075,test1234!,임시우,740221,여,010-2000-0075,N,정상,user
P000076,patient000076,test1234!,조현우,581026,남,010-2000-0076,N,정상,user
P000077,patient000077,test1234!,정서윤,670321,여,010-2000-0077,N,정상,user
P000078,patient000078,test1234!,오아린,981203,남,010-2000-0078,N,정상,user
P000079,patient000079,test1234!,홍하준,920911,여,010-2000-0079,N,정상,user
P000080,patient000080,test1234!,한준서,451118,남,010-2000-0080,N,정상,user
P000081,patient000081,test1234!,안민준,451126,여,010-2000-0081,N,정상,user
P000082,patient000082,test1234!,홍건우,110221,남,010-2000-0082,N,정상,user
P000083,patient000083,test1234!,서민준,080221,여,010-2000-0083,N,정상,user
P000084,patient000084,test1234!,박민서,500203,남,010-2000-0084,N,정상,user
P000085,patient000085,test1234!,강서연,800218,여,010-2000-0085,N,정상,user
P000086,patient000086,test1234!,이도윤,611231,남,010-2000-0086,N,정상,user
P000087,patient000087,test1234!,임서준,730122,여,010-2000-0087,N,정상,user
P000088,patient000088,test1234!,홍준서,630708,남,010-2000-0088,N,정상,user
P000089,patient000089,test1234!,김서연,880303,여,010-2000-0089,N,정상,user
P000090,patient000090,test1234!,박수아,060321,남,010-2000-0090,N,정상,user
P000091,patient000091,test1234!,오태민,571024,여,010-2000-0091,N,정상,user
P000092,patient000092,test1234!,신주원,011104,남,010-2000-0092,N,정상,user
P000093,patient000093,test1234!,서시우,730613,여,010-2000-0093,N,정상,user
P000094,patient000094,test1234!,홍지훈,900222,남,010-2000-0094,N,정상,user
P000095,patient000095,test1234!,홍은지,640916,여,010-2000-0095,N,정상,user
P000096,patient000096,test1234!,전지우,100707,남,010-2000-0096,N,정상,user
P000097,patient000097,test1234!,권서준,860630,여,010-2000-0097,N,정상,user
P000098,patient000098,test1234!,신주원,991022,남,010-2000-0098,N,정상,user
P000099,patient000099,test1234!,윤지훈,871004,여,010-2000-0099,N,정상,user
P000100,patient000100,test1234!,정수아,560908,남,010-2000-0100,N,정상,user
P000101,patient000101,test1234!,송선우,891126,여,010-2000-0101,N,정상,user
P000102,patient000102,test1234!,윤채원,901107,남,010-2000-0102,N,정상,user
P000103,patient000103,test1234!,홍태민,970707,여,010-2000-0103,N,정상,user
P000104,patient000104,test1234!,장준서,510514,남,010-2000-0104,N,정상,user
P000105,patient000105,test1234!,서도현,681107,여,010-2000-0105,N,정상,user
P000106,patient000106,test1234!,장승현,461028,남,010-2000-0106,N,정상,user
P000107,patient000107,test1234!,서소윤,090905,여,010-2000-0107,N,정상,user
P000108,patient000108,test1234!,송예준,840826,남,010-2000-0108,N,정상,user
P000109,patient000109,test1234!,오서윤,150620,여,010-2000-0109,N,정상,user
P000110,patient000110,test1234!,오준서,040520,남,010-2000-0110,N,정상,user
P000111,patient000111,test1234!,윤은지,520916,여,010-2000-0111,N,정상,user
P000112,patient000112,test1234!,한우진,061018,남,010-2000-0112,N,정상,user
P000113,patient000113,test1234!,정승현,580817,여,010-2000-0113,N,정상,user
P000114,patient000114,test1234!,정건우,640614,남,010-2000-0114,N,정상,user
P000115,patient000115,test1234!,김성민,090304,여,010-2000-0115,N,정상,user
P000116,patient000116,test1234!,윤현우,790227,남,010-2000-0116,N,정상,user
P000117,patient000117,test1234!,황하윤,860222,여,010-2000-0117,N,정상,user
P000118,patient000118,test1234!,전민준,760124,남,010-2000-0118,N,정상,user
P000119,patient000119,test1234!,오건우,551217,여,010-2000-0119,N,정상,user
P000120,patient000120,test1234!,전유진,020907,남,010-2000-0120,N,정상,user
P000121,patient000121,test1234!,권성민,880208,여,010-2000-0121,N,정상,user
P000122,patient000122,test1234!,송서준,670218,남,010-2000-0122,N,정상,user
P000123,patient000123,test1234!,윤아린,481127,여,010-2000-0123,N,정상,user
P000124,patient000124,test1234!,서유진,530930,남,010-2000-0124,N,정상,user
P000125,patient000125,test1234!,김은지,140227,여,010-2000-0125,N,정상,user
P000126,patient000126,test1234!,장나연,830621,남,010-2000-0126,N,정상,user
P000127,patient000127,test1234!,한나연,650903,여,010-2000-0127,N,정상,user
P000128,patient000128,test1234!,이은지,150127,남,010-2000-0128,N,정상,user
P000129,patient000129,test1234!,서지민,520703,여,010-2000-0129,N,정상,user
P000130,patient000130,test1234!,한지우,850424,남,010-2000-0130,N,정상,user
P000131,patient000131,test1234!,한아린,450116,여,010-2000-0131,N,정상,user
P000132,patient000132,test1234!,정도현,021203,남,010-2000-0132,N,정상,user
P000133,patient000133,test1234!,윤지우,551115,여,010-2000-0133,N,정상,user
P000134,patient000134,test1234!,정선우,530412,남,010-2000-0134,N,정상,user
P000135,patient000135,test1234!,조도윤,560920,여,010-2000-0135,N,정상,user
P000136,patient000136,test1234!,최소윤,460312,남,010-2000-0136,N,정상,user
P000137,patient000137,test1234!,조수아,471021,여,010-2000-0137,N,정상,user
P000138,patient000138,test1234!,김채원,050501,남,010-2000-0138,N,정상,user
P000139,patient000139,test1234!,이지아,741130,여,010-2000-0139,N,정상,user
P000140,patient000140,test1234!,강혜진,600108,남,010-2000-0140,N,정상,user
P000141,patient000141,test1234!,정준서,541206,여,010-2000-0141,N,정상,user
P000142,patient000142,test1234!,윤채원,730620,남,010-2000-0142,N,정상,user
P000143,patient000143,test1234!,안가은,000914,여,010-2000-0143,N,정상,user
P000144,patient000144,test1234!,안태민,680118,남,010-2000-0144,N,정상,user
P000145,patient000145,test1234!,이지아,540412,여,010-2000-0145,N,정상,user
P000146,patient000146,test1234!,임지우,111016,남,010-2000-0146,N,정상,user
P000147,patient000147,test1234!,권은지,890327,여,010-2000-0147,N,정상,user
P000148,patient000148,test1234!,신선우,450408,남,010-2000-0148,N,정상,user
P000149,patient000149,test1234!,윤선우,031209,여,010-2000-0149,N,정상,user
P000150,patient000150,test1234!,조민서,090106,남,010-2000-0150,N,정상,user
P000151,patient000151,test1234!,정나연,680222,여,010-2000-0151,N,정상,user
P000152,patient000152,test1234!,황혜진,150527,남,010-2000-0152,N,정상,user
P000153,patient000153,test1234!,황도현,140123,여,010-2000-0153,N,정상,user
P000154,patient000154,test1234!,윤서준,450623,남,010-2000-0154,N,정상,user
P000155,patient000155,test1234!,한건우,881124,여,010-2000-0155,N,정상,user
P000156,patient000156,test1234!,오민준,100406,남,010-2000-0156,N,정상,user
P000157,patient000157,test1234!,장예준,670721,여,010-2000-0157,N,정상,user
P000158,patient000158,test1234!,김가은,631122,남,010-2000-0158,N,정상,user
P000159,patient000159,test1234!,김소윤,800904,여,010-2000-0159,N,정상,user
P000160,patient000160,test1234!,정도윤,961221,남,010-2000-0160,N,정상,user
P000161,patient000161,test1234!,이도윤,900516,여,010-2000-0161,N,정상,user
P000162,patient000162,test1234!,조유진,801030,남,010-2000-0162,N,정상,user
P000163,patient000163,test1234!,권은지,941001,여,010-2000-0163,N,정상,user
P000164,patient000164,test1234!,최유나,620727,남,010-2000-0164,N,정상,user
P000165,patient000165,test1234!,오성민,010309,여,010-2000-0165,N,정상,user
P000166,patient000166,test1234!,윤현우,601202,남,010-2000-0166,N,정상,user
P000167,patient000167,test1234!,전성민,650331,여,010-2000-0167,N,정상,user
P000168,patient000168,test1234!,강건우,600609,남,010-2000-0168,N,정상,user
P000169,patient000169,test1234!,황예준,950408,여,010-2000-0169,N,정상,user
P000170,patient000170,test1234!,전지훈,521228,남,010-2000-0170,N,정상,user
P000171,patient000171,test1234!,홍주원,570728,여,010-2000-0171,N,정상,user
P000172,patient000172,test1234!,한민준,951107,남,010-2000-0172,N,정상,user
P000173,patient000173,test1234!,김준서,510620,여,010-2000-0173,N,정상,user
P000174,patient000174,test1234!,강나연,140104,남,010-2000-0174,N,정상,user
P000175,patient000175,test1234!,윤지훈,681128,여,010-2000-0175,N,정상,user
P000176,patient000176,test1234!,박예준,820614,남,010-2000-0176,N,정상,user
P000177,patient000177,test1234!,권나연,940725,여,010-2000-0177,N,정상,user
P000178,patient000178,test1234!,신혜진,060210,남,010-2000-0178,N,정상,user
P000179,patient000179,test1234!,윤지우,981023,여,010-2000-0179,N,정상,user
P000180,patient000180,test1234!,최지우,120102,남,010-2000-0180,N,정상,user
P000181,patient000181,test1234!,권민준,890314,여,010-2000-0181,N,정상,user
P000182,patient000182,test1234!,전준서,820907,남,010-2000-0182,N,정상,user
P000183,patient000183,test1234!,장유나,920903,여,010-2000-0183,N,정상,user
P000184,patient000184,test1234!,송가은,980215,남,010-2000-0184,N,정상,user
P000185,patient000185,test1234!,한준서,460430,여,010-2000-0185,N,정상,user
P000186,patient000186,test1234!,김태민,880913,남,010-2000-0186,N,정상,user
P000187,patient000187,test1234!,권주원,050224,여,010-2000-0187,N,정상,user
P000188,patient000188,test1234!,오예은,070204,남,010-2000-0188,N,정상,user
P000189,patient000189,test1234!,김태민,080203,여,010-2000-0189,N,정상,user
P000190,patient000190,test1234!,권도윤,811227,남,010-2000-0190,N,정상,user
P000191,patient000191,test1234!,장지호,610916,여,010-2000-0191,N,정상,user
P000192,patient000192,test1234!,황서준,870905,남,010-2000-0192,N,정상,user
P000193,patient000193,test1234!,송지우,501023,여,010-2000-0193,N,정상,user
P000194,patient000194,test1234!,송동현,460430,남,010-2000-0194,N,정상,user
P000195,patient000195,test1234!,송서준,890714,여,010-2000-0195,N,정상,user
P000196,patient000196,test1234!,권승현,640119,남,010-2000-0196,N,정상,user
P000197,patient000197,test1234!,홍유나,601113,여,010-2000-0197,N,정상,user
P000198,patient000198,test1234!,서혜진,600128,남,010-2000-0198,N,정상,user
P000199,patient000199,test1234!,임하준,810720,여,010-2000-0199,N,정상,user
P000200,patient000200,test1234!,장성민,820210,남,010-2000-0200,N,정상,user
P000201,patient000201,test1234!,윤가은,910525,여,010-2000-0201,N,정상,user
P000202,patient000202,test1234!,한민서,510314,남,010-2000-0202,N,정상,user
P000203,patient000203,test1234!,박도윤,020206,여,010-2000-0203,N,정상,user
P000204,patient000204,test1234!,박주원,030701,남,010-2000-0204,N,정상,user
P000205,patient000205,test1234!,신수아,560521,여,010-2000-0205,N,정상,user
P000206,patient000206,test1234!,최하준,070613,남,010-2000-0206,N,정상,user
P000207,patient000207,test1234!,이아린,670519,여,010-2000-0207,N,정상,user
P000208,patient000208,test1234!,안수빈,620116,남,010-2000-0208,N,정상,user
P000209,patient000209,test1234!,송수아,140518,여,010-2000-0209,N,정상,user
P000210,patient000210,test1234!,이나연,720305,남,010-2000-0210,N,정상,user
P000211,patient000211,test1234!,신민서,981014,여,010-2000-0211,N,정상,user
P000212,patient000212,test1234!,김다은,860106,남,010-2000-0212,N,정상,user
P000213,patient000213,test1234!,장예준,700415,여,010-2000-0213,N,정상,user
P000214,patient000214,test1234!,정유진,100125,남,010-2000-0214,N,정상,user
P000215,patient000215,test1234!,한수빈,470226,여,010-2000-0215,N,정상,user
P000216,patient000216,test1234!,송유나,740221,남,010-2000-0216,N,정상,user
P000217,patient000217,test1234!,강서윤,901017,여,010-2000-0217,N,정상,user
P000218,patient000218,test1234!,박태민,821016,남,010-2000-0218,N,정상,user
P000219,patient000219,test1234!,황하윤,530513,여,010-2000-0219,N,정상,user
P000220,patient000220,test1234!,안지호,470119,남,010-2000-0220,N,정상,user
P000221,patient000221,test1234!,조하윤,131123,여,010-2000-0221,N,정상,user
P000222,patient000222,test1234!,최주원,090922,남,010-2000-0222,N,정상,user
P000223,patient000223,test1234!,오아린,150121,여,010-2000-0223,N,정상,user
P000224,patient000224,test1234!,권서윤,100214,남,010-2000-0224,N,정상,user
P000225,patient000225,test1234!,한준서,101005,여,010-2000-0225,N,정상,user
P000226,patient000226,test1234!,조지우,130411,남,010-2000-0226,N,정상,user
P000227,patient000227,test1234!,박시우,970306,여,010-2000-0227,N,정상,user
P000228,patient000228,test1234!,신다은,630525,남,010-2000-0228,N,정상,user
P000229,patient000229,test1234!,송우진,910302,여,010-2000-0229,N,정상,user
P000230,patient000230,test1234!,장준서,081104,남,010-2000-0230,N,정상,user
P000231,patient000231,test1234!,서건우,820924,여,010-2000-0231,N,정상,user
P000232,patient000232,test1234!,신동현,490401,남,010-2000-0232,N,정상,user
P000233,patient000233,test1234!,장유나,800523,여,010-2000-0233,N,정상,user
P000234,patient000234,test1234!,김지우,551129,남,010-2000-0234,N,정상,user
P000235,patient000235,test1234!,홍도윤,940204,여,010-2000-0235,N,정상,user
P000236,patient000236,test1234!,신수빈,610125,남,010-2000-0236,N,정상,user
P000237,patient000237,test1234!,서예은,601002,여,010-2000-0237,N,정상,user
P000238,patient000238,test1234!,이준서,610603,남,010-2000-0238,N,정상,user
P000239,patient000239,test1234!,송우진,821221,여,010-2000-0239,N,정상,user
P000240,patient000240,test1234!,정서연,530828,남,010-2000-0240,N,정상,user
P000241,patient000241,test1234!,정시우,630222,여,010-2000-0241,N,정상,user
P000242,patient000242,test1234!,김도윤,090808,남,010-2000-0242,N,정상,user
P000243,patient000243,test1234!,오민서,480712,여,010-2000-0243,N,정상,user
P000244,patient000244,test1234!,황지호,750918,남,010-2000-0244,N,정상,user
P000245,patient000245,test1234!,송서준,470705,여,010-2000-0245,N,정상,user
P000246,patient000246,test1234!,홍태민,081114,남,010-2000-0246,N,정상,user
P000247,patient000247,test1234!,정도윤,581202,여,010-2000-0247,N,정상,user
P000248,patient000248,test1234!,정지아,720927,남,010-2000-0248,N,정상,user
P000249,patient000249,test1234!,강주원,120330,여,010-2000-0249,N,정상,user
P000250,patient000250,test1234!,임지훈,130922,남,010-2000-0250,N,정상,user
P000251,patient000251,test1234!,이승현,551025,여,010-2000-0251,N,정상,user
P000252,patient000252,test1234!,정나연,770201,남,010-2000-0252,N,정상,user
P000253,patient000253,test1234!,조가은,760130,여,010-2000-0253,N,정상,user
P000254,patient000254,test1234!,임태민,600509,남,010-2000-0254,N,정상,user
P000255,patient000255,test1234!,정준서,940308,여,010-2000-0255,N,정상,user
P000256,patient000256,test1234!,최하준,991215,남,010-2000-0256,N,정상,user
P000257,patient000257,test1234!,안준서,040709,여,010-2000-0257,N,정상,user
P000258,patient000258,test1234!,오나연,760217,남,010-2000-0258,N,정상,user
P000259,patient000259,test1234!,오아린,691126,여,010-2000-0259,N,정상,user
P000260,patient000260,test1234!,강하준,570701,남,010-2000-0260,N,정상,user
P000261,patient000261,test1234!,이지민,860412,여,010-2000-0261,N,정상,user
P000262,patient000262,test1234!,윤유나,701031,남,010-2000-0262,N,정상,user
P000263,patient000263,test1234!,서서연,640311,여,010-2000-0263,N,정상,user
P000264,patient000264,test1234!,서태민,900617,남,010-2000-0264,N,정상,user
P000265,patient000265,test1234!,황지아,670815,여,010-2000-0265,N,정상,user
P000266,patient000266,test1234!,홍선우,630304,남,010-2000-0266,N,정상,user
P000267,patient000267,test1234!,조수빈,040929,여,010-2000-0267,N,정상,user
P000268,patient000268,test1234!,임민준,840716,남,010-2000-0268,N,정상,user
P000269,patient000269,test1234!,송혜진,950919,여,010-2000-0269,N,정상,user
P000270,patient000270,test1234!,전도현,530528,남,010-2000-0270,N,정상,user
P000271,patient000271,test1234!,강유나,490409,여,010-2000-0271,N,정상,user
P000272,patient000272,test1234!,황정우,070218,남,010-2000-0272,N,정상,user
P000273,patient000273,test1234!,김나연,490715,여,010-2000-0273,N,정상,user
P000274,patient000274,test1234!,강승현,670901,남,010-2000-0274,N,정상,user
P000275,patient000275,test1234!,김준서,931208,여,010-2000-0275,N,정상,user
P000276,patient000276,test1234!,조시우,920325,남,010-2000-0276,N,정상,user
P000277,patient000277,test1234!,정정우,691212,여,010-2000-0277,N,정상,user
P000278,patient000278,test1234!,장태민,520415,남,010-2000-0278,N,정상,user
P000279,patient000279,test1234!,장하준,851206,여,010-2000-0279,N,정상,user
P000280,patient000280,test1234!,신유나,820721,남,010-2000-0280,N,정상,user
P000281,patient000281,test1234!,강아린,940327,여,010-2000-0281,N,정상,user
P000282,patient000282,test1234!,최주원,740308,남,010-2000-0282,N,정상,user
P000283,patient000283,test1234!,임지아,571128,여,010-2000-0283,N,정상,user
P000284,patient000284,test1234!,정도현,880107,남,010-2000-0284,N,정상,user
P000285,patient000285,test1234!,홍건우,000624,여,010-2000-0285,N,정상,user
P000286,patient000286,test1234!,장다은,720102,남,010-2000-0286,N,정상,user
P000287,patient000287,test1234!,전나연,770427,여,010-2000-0287,N,정상,user
P000288,patient000288,test1234!,전혜진,501223,남,010-2000-0288,N,정상,user
P000289,patient000289,test1234!,서다은,010130,여,010-2000-0289,N,정상,user
P000290,patient000290,test1234!,장서연,021016,남,010-2000-0290,N,정상,user
P000291,patient000291,test1234!,장지아,041230,여,010-2000-0291,N,정상,user
P000292,patient000292,test1234!,신시우,520701,남,010-2000-0292,N,정상,user
P000293,patient000293,test1234!,정하윤,490621,여,010-2000-0293,N,정상,user
P000294,patient000294,test1234!,박정우,570727,남,010-2000-0294,N,정상,user
P000295,patient000295,test1234!,홍서준,980225,여,010-2000-0295,N,정상,user
P000296,patient000296,test1234!,황유나,890427,남,010-2000-0296,N,정상,user
P000297,patient000297,test1234!,전서윤,761214,여,010-2000-0297,N,정상,user
P000298,patient000298,test1234!,조우진,530226,남,010-2000-0298,N,정상,user
P000299,patient000299,test1234!,안서윤,140423,여,010-2000-0299,N,정상,user
P000300,patient000300,test1234!,김준서,480630,남,010-2000-0300,N,정상,user
P000301,patient000301,test1234!,한민서,640920,여,010-2000-0301,N,정상,user
P000302,patient000302,test1234!,서유진,990309,남,010-2000-0302,N,정상,user
P000303,patient000303,test1234!,조채원,101217,여,010-2000-0303,N,정상,user
P000304,patient000304,test1234!,전지훈,110118,남,010-2000-0304,N,정상,user
P000305,patient000305,test1234!,한선우,491028,여,010-2000-0305,N,정상,user
P000306,patient000306,test1234!,김정우,920322,남,010-2000-0306,N,정상,user
P000307,patient000307,test1234!,박민서,630421,여,010-2000-0307,N,정상,user
P000308,patient000308,test1234!,황하윤,130823,남,010-2000-0308,N,정상,user
P000309,patient000309,test1234!,안우진,870216,여,010-2000-0309,N,정상,user
P000310,patient000310,test1234!,김서준,590228,남,010-2000-0310,N,정상,user
P000311,patient000311,test1234!,이시우,510630,여,010-2000-0311,N,정상,user
P000312,patient000312,test1234!,임혜진,080809,남,010-2000-0312,N,정상,user
P000313,patient000313,test1234!,한도현,980525,여,010-2000-0313,N,정상,user
P000314,patient000314,test1234!,장서준,640421,남,010-2000-0314,N,정상,user
P000315,patient000315,test1234!,박은지,450416,여,010-2000-0315,N,정상,user
P000316,patient000316,test1234!,서민준,040113,남,010-2000-0316,N,정상,user
P000317,patient000317,test1234!,조주원,050202,여,010-2000-0317,N,정상,user
P000318,patient000318,test1234!,전유나,881028,남,010-2000-0318,N,정상,user
P000319,patient000319,test1234!,한주원,710127,여,010-2000-0319,N,정상,user
P000320,patient000320,test1234!,신정우,660419,남,010-2000-0320,N,정상,user
P000321,patient000321,test1234!,오하준,470525,여,010-2000-0321,N,정상,user
P000322,patient000322,test1234!,최태민,910317,남,010-2000-0322,N,정상,user
P000323,patient000323,test1234!,임수아,910718,여,010-2000-0323,N,정상,user
P000324,patient000324,test1234!,정우진,710906,남,010-2000-0324,N,정상,user
P000325,patient000325,test1234!,전채원,901126,여,010-2000-0325,N,정상,user
P000326,patient000326,test1234!,홍지민,111026,남,010-2000-0326,N,정상,user
P000327,patient000327,test1234!,송하준,050219,여,010-2000-0327,N,정상,user
P000328,patient000328,test1234!,송우진,580617,남,010-2000-0328,N,정상,user
P000329,patient000329,test1234!,전지훈,950513,여,010-2000-0329,N,정상,user
P000330,patient000330,test1234!,강도윤,081228,남,010-2000-0330,N,정상,user
P000331,patient000331,test1234!,정민준,781129,여,010-2000-0331,N,정상,user
P000332,patient000332,test1234!,홍아린,890309,남,010-2000-0332,N,정상,user
P000333,patient000333,test1234!,장예준,000624,여,010-2000-0333,N,정상,user
P000334,patient000334,test1234!,이서연,730726,남,010-2000-0334,N,정상,user
P000335,patient000335,test1234!,임수빈,720929,여,010-2000-0335,N,정상,user
P000336,patient000336,test1234!,조정우,050402,남,010-2000-0336,N,정상,user
P000337,patient000337,test1234!,박지아,931204,여,010-2000-0337,N,정상,user
P000338,patient000338,test1234!,박지호,860326,남,010-2000-0338,N,정상,user
P000339,patient000339,test1234!,임태민,680514,여,010-2000-0339,N,정상,user
P000340,patient000340,test1234!,서지우,720412,남,010-2000-0340,N,정상,user
P000341,patient000341,test1234!,신도현,490723,여,010-2000-0341,N,정상,user
P000342,patient000342,test1234!,신지민,120710,남,010-2000-0342,N,정상,user
P000343,patient000343,test1234!,전지훈,921008,여,010-2000-0343,N,정상,user
P000344,patient000344,test1234!,신서윤,671108,남,010-2000-0344,N,정상,user
P000345,patient000345,test1234!,윤성민,010722,여,010-2000-0345,N,정상,user
P000346,patient000346,test1234!,홍지아,100422,남,010-2000-0346,N,정상,user
P000347,patient000347,test1234!,조서연,980913,여,010-2000-0347,N,정상,user
P000348,patient000348,test1234!,최수빈,921124,남,010-2000-0348,N,정상,user
P000349,patient000349,test1234!,권지아,790323,여,010-2000-0349,N,정상,user
P000350,patient000350,test1234!,임예은,450909,남,010-2000-0350,N,정상,user
P000351,patient000351,test1234!,신수빈,450517,여,010-2000-0351,N,정상,user
P000352,patient000352,test1234!,황민준,561117,남,010-2000-0352,N,정상,user
P000353,patient000353,test1234!,신태민,510811,여,010-2000-0353,N,정상,user
P000354,patient000354,test1234!,조다은,841108,남,010-2000-0354,N,정상,user
P000355,patient000355,test1234!,안지아,620607,여,010-2000-0355,N,정상,user
P000356,patient000356,test1234!,김준서,050919,남,010-2000-0356,N,정상,user
P000357,patient000357,test1234!,임지훈,700423,여,010-2000-0357,N,정상,user
P000358,patient000358,test1234!,김태민,710417,남,010-2000-0358,N,정상,user
P000359,patient000359,test1234!,송도윤,050127,여,010-2000-0359,N,정상,user
P000360,patient000360,test1234!,장지훈,520908,남,010-2000-0360,N,정상,user
P000361,patient000361,test1234!,서예은,780104,여,010-2000-0361,N,정상,user
P000362,patient000362,test1234!,신유진,450722,남,010-2000-0362,N,정상,user
P000363,patient000363,test1234!,임민서,100121,여,010-2000-0363,N,정상,user
P000364,patient000364,test1234!,신가은,040413,남,010-2000-0364,N,정상,user
P000365,patient000365,test1234!,윤다은,861129,여,010-2000-0365,N,정상,user
P000366,patient000366,test1234!,임동현,691017,남,010-2000-0366,N,정상,user
P000367,patient000367,test1234!,송지우,480818,여,010-2000-0367,N,정상,user
P000368,patient000368,test1234!,전준서,510203,남,010-2000-0368,N,정상,user
P000369,patient000369,test1234!,박유나,890726,여,010-2000-0369,N,정상,user
P000370,patient000370,test1234!,이민준,620301,남,010-2000-0370,N,정상,user
P000371,patient000371,test1234!,권서연,100305,여,010-2000-0371,N,정상,user
P000372,patient000372,test1234!,이태민,010925,남,010-2000-0372,N,정상,user
P000373,patient000373,test1234!,강은지,661004,여,010-2000-0373,N,정상,user
P000374,patient000374,test1234!,황하준,470209,남,010-2000-0374,N,정상,user
P000375,patient000375,test1234!,신정우,070306,여,010-2000-0375,N,정상,user
P000376,patient000376,test1234!,권나연,960922,남,010-2000-0376,N,정상,user
P000377,patient000377,test1234!,장주원,050721,여,010-2000-0377,N,정상,user
P000378,patient000378,test1234!,임민준,790709,남,010-2000-0378,N,정상,user
P000379,patient000379,test1234!,조수아,890524,여,010-2000-0379,N,정상,user
P000380,patient000380,test1234!,임하윤,561012,남,010-2000-0380,N,정상,user
P000381,patient000381,test1234!,한하윤,461002,여,010-2000-0381,N,정상,user
P000382,patient000382,test1234!,오지호,840425,남,010-2000-0382,N,정상,user
P000383,patient000383,test1234!,송지호,770721,여,010-2000-0383,N,정상,user
P000384,patient000384,test1234!,정도현,151124,남,010-2000-0384,N,정상,user
P000385,patient000385,test1234!,황서연,920827,여,010-2000-0385,N,정상,user
P000386,patient000386,test1234!,홍서윤,011129,남,010-2000-0386,N,정상,user
P000387,patient000387,test1234!,송현우,671127,여,010-2000-0387,N,정상,user
P000388,patient000388,test1234!,신하준,700324,남,010-2000-0388,N,정상,user
P000389,patient000389,test1234!,전지호,590114,여,010-2000-0389,N,정상,user
P000390,patient000390,test1234!,오정우,110212,남,010-2000-0390,N,정상,user
P000391,patient000391,test1234!,정채원,850218,여,010-2000-0391,N,정상,user
P000392,patient000392,test1234!,강승현,480814,남,010-2000-0392,N,정상,user
P000393,patient000393,test1234!,안태민,790930,여,010-2000-0393,N,정상,user
P000394,patient000394,test1234!,안승현,111025,남,010-2000-0394,N,정상,user
P000395,patient000395,test1234!,정정우,610908,여,010-2000-0395,N,정상,user
P000396,patient000396,test1234!,안시우,591111,남,010-2000-0396,N,정상,user
P000397,patient000397,test1234!,장준서,970506,여,010-2000-0397,N,정상,user
P000398,patient000398,test1234!,황은지,060325,남,010-2000-0398,N,정상,user
P000399,patient000399,test1234!,정서준,050614,여,010-2000-0399,N,정상,user
P000400,patient000400,test1234!,이지민,670627,남,010-2000-0400,N,정상,user
P000401,patient000401,test1234!,임유진,650421,여,010-2000-0401,N,정상,user
P000402,patient000402,test1234!,박동현,071205,남,010-2000-0402,N,정상,user
P000403,patient000403,test1234!,정건우,591226,여,010-2000-0403,N,정상,user
P000404,patient000404,test1234!,윤현우,810209,남,010-2000-0404,N,정상,user
P000405,patient000405,test1234!,황수아,511212,여,010-2000-0405,N,정상,user
P000406,patient000406,test1234!,박유진,691109,남,010-2000-0406,N,정상,user
P000407,patient000407,test1234!,이하준,501121,여,010-2000-0407,N,정상,user
P000408,patient000408,test1234!,권준서,070306,남,010-2000-0408,N,정상,user
P000409,patient000409,test1234!,장유나,470715,여,010-2000-0409,N,정상,user
P000410,patient000410,test1234!,윤건우,460211,남,010-2000-0410,N,정상,user
P000411,patient000411,test1234!,송태민,610203,여,010-2000-0411,N,정상,user
P000412,patient000412,test1234!,강지훈,590117,남,010-2000-0412,N,정상,user
P000413,patient000413,test1234!,한지아,020319,여,010-2000-0413,N,정상,user
P000414,patient000414,test1234!,서지호,140326,남,010-2000-0414,N,정상,user
P000415,patient000415,test1234!,황현우,481210,여,010-2000-0415,N,정상,user
P000416,patient000416,test1234!,권지우,990513,남,010-2000-0416,N,정상,user
P000417,patient000417,test1234!,서민준,140824,여,010-2000-0417,N,정상,user
P000418,patient000418,test1234!,한은지,680703,남,010-2000-0418,N,정상,user
P000419,patient000419,test1234!,안지훈,450106,여,010-2000-0419,N,정상,user
P000420,patient000420,test1234!,조예은,061112,남,010-2000-0420,N,정상,user
P000421,patient000421,test1234!,조지우,080104,여,010-2000-0421,N,정상,user
P000422,patient000422,test1234!,신하윤,860103,남,010-2000-0422,N,정상,user
P000423,patient000423,test1234!,오가은,580823,여,010-2000-0423,N,정상,user
P000424,patient000424,test1234!,김수빈,851127,남,010-2000-0424,N,정상,user
P000425,patient000425,test1234!,이지우,970429,여,010-2000-0425,N,정상,user
P000426,patient000426,test1234!,임수아,920112,남,010-2000-0426,N,정상,user
P000427,patient000427,test1234!,윤수아,040707,여,010-2000-0427,N,정상,user
P000428,patient000428,test1234!,신주원,680509,남,010-2000-0428,N,정상,user
P000429,patient000429,test1234!,안서윤,521110,여,010-2000-0429,N,정상,user
P000430,patient000430,test1234!,서서준,940909,남,010-2000-0430,N,정상,user
P000431,patient000431,test1234!,이은지,100228,여,010-2000-0431,N,정상,user
P000432,patient000432,test1234!,홍승현,830619,남,010-2000-0432,N,정상,user
P000433,patient000433,test1234!,송서윤,070309,여,010-2000-0433,N,정상,user
P000434,patient000434,test1234!,한태민,010214,남,010-2000-0434,N,정상,user
P000435,patient000435,test1234!,권건우,030708,여,010-2000-0435,N,정상,user
P000436,patient000436,test1234!,전지우,860319,남,010-2000-0436,N,정상,user
P000437,patient000437,test1234!,이민서,550125,여,010-2000-0437,N,정상,user
P000438,patient000438,test1234!,이도윤,880725,남,010-2000-0438,N,정상,user
P000439,patient000439,test1234!,정우진,450702,여,010-2000-0439,N,정상,user
P000440,patient000440,test1234!,강민준,061122,남,010-2000-0440,N,정상,user
P000441,patient000441,test1234!,이지아,760927,여,010-2000-0441,N,정상,user
P000442,patient000442,test1234!,조나연,590925,남,010-2000-0442,N,정상,user
P000443,patient000443,test1234!,홍다은,060326,여,010-2000-0443,N,정상,user
P000444,patient000444,test1234!,안채원,890522,남,010-2000-0444,N,정상,user
P000445,patient000445,test1234!,송소윤,961129,여,010-2000-0445,N,정상,user
P000446,patient000446,test1234!,서정우,620224,남,010-2000-0446,N,정상,user
P000447,patient000447,test1234!,안태민,700528,여,010-2000-0447,N,정상,user
P000448,patient000448,test1234!,송민준,710211,남,010-2000-0448,N,정상,user
P000449,patient000449,test1234!,김소윤,701201,여,010-2000-0449,N,정상,user
P000450,patient000450,test1234!,최동현,841102,남,010-2000-0450,N,정상,user
P000451,patient000451,test1234!,윤동현,920817,여,010-2000-0451,N,정상,user
P000452,patient000452,test1234!,최현우,040722,남,010-2000-0452,N,정상,user
P000453,patient000453,test1234!,전승현,951101,여,010-2000-0453,N,정상,user
P000454,patient000454,test1234!,신가은,680320,남,010-2000-0454,N,정상,user
P000455,patient000455,test1234!,서선우,770306,여,010-2000-0455,N,정상,user
P000456,patient000456,test1234!,조지아,620522,남,010-2000-0456,N,정상,user
P000457,patient000457,test1234!,최성민,520609,여,010-2000-0457,N,정상,user
P000458,patient000458,test1234!,신은지,100718,남,010-2000-0458,N,정상,user
P000459,patient000459,test1234!,오예은,680619,여,010-2000-0459,N,정상,user
P000460,patient000460,test1234!,한지우,930720,남,010-2000-0460,N,정상,user
P000461,patient000461,test1234!,정지호,050921,여,010-2000-0461,N,정상,user
P000462,patient000462,test1234!,안혜진,790525,남,010-2000-0462,N,정상,user
P000463,patient000463,test1234!,정지호,940926,여,010-2000-0463,N,정상,user
P000464,patient000464,test1234!,임수빈,780328,남,010-2000-0464,N,정상,user
P000465,patient000465,test1234!,이은지,870618,여,010-2000-0465,N,정상,user
P000466,patient000466,test1234!,권현우,090416,남,010-2000-0466,N,정상,user
P000467,patient000467,test1234!,김하준,460214,여,010-2000-0467,N,정상,user
P000468,patient000468,test1234!,송유나,910124,남,010-2000-0468,N,정상,user
P000469,patient000469,test1234!,윤지민,670703,여,010-2000-0469,N,정상,user
P000470,patient000470,test1234!,신은지,860327,남,010-2000-0470,N,정상,user
P000471,patient000471,test1234!,임혜진,580402,여,010-2000-0471,N,정상,user
P000472,patient000472,test1234!,송민서,471028,남,010-2000-0472,N,정상,user
P000473,patient000473,test1234!,송정우,520920,여,010-2000-0473,N,정상,user
P000474,patient000474,test1234!,홍주원,520118,남,010-2000-0474,N,정상,user
P000475,patient000475,test1234!,오도현,940714,여,010-2000-0475,N,정상,user
P000476,patient000476,test1234!,강지아,651026,남,010-2000-0476,N,정상,user
P000477,patient000477,test1234!,한서윤,640113,여,010-2000-0477,N,정상,user
P000478,patient000478,test1234!,서소윤,450126,남,010-2000-0478,N,정상,user
P000479,patient000479,test1234!,장정우,800713,여,010-2000-0479,N,정상,user
P000480,patient000480,test1234!,안우진,151128,남,010-2000-0480,N,정상,user
P000481,patient000481,test1234!,오주원,781017,여,010-2000-0481,N,정상,user
P000482,patient000482,test1234!,강하윤,701128,남,010-2000-0482,N,정상,user
P000483,patient000483,test1234!,송민서,940516,여,010-2000-0483,N,정상,user
P000484,patient000484,test1234!,최정우,970722,남,010-2000-0484,N,정상,user
P000485,patient000485,test1234!,김시우,981116,여,010-2000-0485,N,정상,user
P000486,patient000486,test1234!,이지훈,811203,남,010-2000-0486,N,정상,user
P000487,patient000487,test1234!,김정우,061003,여,010-2000-0487,N,정상,user
P000488,patient000488,test1234!,장서윤,850710,남,010-2000-0488,N,정상,user
P000489,patient000489,test1234!,홍하준,030401,여,010-2000-0489,N,정상,user
P000490,patient000490,test1234!,황건우,120330,남,010-2000-0490,N,정상,user
P000491,patient000491,test1234!,서혜진,450811,여,010-2000-0491,N,정상,user
P000492,patient000492,test1234!,신우진,540628,남,010-2000-0492,N,정상,user
P000493,patient000493,test1234!,홍승현,500924,여,010-2000-0493,N,정상,user
P000494,patient000494,test1234!,박건우,601214,남,010-2000-0494,N,정상,user
P000495,patient000495,test1234!,신가은,690306,여,010-2000-0495,N,정상,user
P000496,patient000496,test1234!,정서윤,040127,남,010-2000-0496,N,정상,user
P000497,patient000497,test1234!,조지훈,911207,여,010-2000-0497,N,정상,user
P000498,patient000498,test1234!,서시우,040622,남,010-2000-0498,N,정상,user
P000499,patient000499,test1234!,윤도현,910929,여,010-2000-0499,N,정상,user
P000500,patient000500,test1234!,임건우,880113,남,010-2000-0500,N,정상,user
P000501,patient000501,test1234!,강서윤,480129,여,010-2000-0501,N,정상,user
P000502,patient000502,test1234!,서도현,971212,남,010-2000-0502,N,정상,user
P000503,patient000503,test1234!,조도현,621202,여,010-2000-0503,N,정상,user
P000504,patient000504,test1234!,이하준,510409,남,010-2000-0504,N,정상,user
P000505,patient000505,test1234!,김동현,830130,여,010-2000-0505,N,정상,user
P000506,patient000506,test1234!,신혜진,140425,남,010-2000-0506,N,정상,user
P000507,patient000507,test1234!,박아린,611008,여,010-2000-0507,N,정상,user
P000508,patient000508,test1234!,정예준,931016,남,010-2000-0508,N,정상,user
P000509,patient000509,test1234!,김태민,530330,여,010-2000-0509,N,정상,user
P000510,patient000510,test1234!,안예은,720306,남,010-2000-0510,N,정상,user
P000511,patient000511,test1234!,0,960906,여,010-2000-0511,N,정상,user
